category,question,answer
健康,我應該如何保持身體健康？,保持健康的生活方式，包括均衡的飲食、足夠的運動、充足的睡眠，並避免有害的嗜好。
健康,如何應對壓力和焦慮？,壓力和焦慮的應對方法包括深呼吸、冥想、規律的運動，以及與親友分享感受。
健康,我應該多久進行一次身體檢查？,一般建議每年進行一次全面的身體檢查，但具體建議可能因個人健康狀況而有所不同。
交通,如何避免交通堵塞？,避免高峰時段出行，使用交通應用程式以獲取即時交通信息，並考慮使用公共交通工具或共乘服務。
交通,如何保持駕駛安全？,保持車輛良好狀態，遵守交通規則，不使用手機當駕駛，並注意駕駛時的疲勞狀態。
交通,我應該如何應對交通事故？,在發生交通事故時，確保安全後立即報警，協助受傷人員，並交換聯絡信息。
餐廳,如何挑選健康的餐點？,選擇含有豐富蔬菜、蛋白質和健康脂肪的餐點，避免過多加工食品和糖分。
餐廳,我應該在餐廳點什麼才能控制卡路里攝入？,選擇烤、蒸或炸而不是油炸食物，選擇較小份量，並注意選擇低卡路里的飲品。
餐廳,有什麼素食餐廳推薦嗎？,推薦一些素食餐廳，包括[餐廳名稱1]、[餐廳名稱2]等，它們提供豐富的素食選擇。
健康,怎樣保持心理健康？,保持良好的社交活動，尋求專業心理諮詢，培養正面思維，並給自己足夠的休息時間。
交通,我應該注意哪些交通標誌？,應注意速限標誌、禁止標誌、讓行標誌等，以確保駕駛安全。
餐廳,如何禮貌地提出特殊飲食需求？,在訂餐時禮貌地告知服務人員特殊飲食需求，並詢問是否有相應的選擇。
健康,冷熱交替淋浴對健康有何好處？,冷熱交替淋浴有助於促進血液循環，減輕肌肉疲勞，增強免疫力。
交通,綠燈亮起時是否可以左轉？,在綠燈亮起時可以左轉，但應注意交叉路口是否有行人或其他車輛。
餐廳,如何選擇健康的外賣食物？,選擇含有蔬菜和蛋白質的外賣食物，避免過多的油脂和添加劑。
健康,如何有效控制體重？,保持均衡的飲食，控制卡路里攝入，並結合適度的運動，有助於有效控制體重。
交通,使用手機時可以駕駛嗎？,不應該在駕駛時使用手機，應該專心注意駕駛，以防發生交通事故。
餐廳,如何處理食物過敏？,在訂餐時告知服務人員食物過敏信息，選擇不含過敏原的食物，並注意交叉污染。
健康,什麼是推薦的每日運動量？,成年人每週應進行至少150分鐘的中等強度運動，或75分鐘的高強度運動，並進行全身肌肉鍛煉。
交通,在雨天應該注意什麼？,在雨天行駛時應注意提前減速、保持安全距離，並開啟車燈提高能見度。
餐廳,如何辨識新鮮食材？,選擇外觀鮮艷、質地飽滿的食材，並注意包裝上的生產日期和保存期限。
健康,怎樣預防感冒？,勤洗手、避免人群密集場所、保持良好通風，並保持充足的睡眠有助於預防感冒。
交通,遠足時應該攜帶哪些物品？,攜帶足夠的水、地圖、急救包、防曬用品等，以應對在戶外的各種狀況。
餐廳,如何享受健康的用餐體驗？,慢慢咀嚼食物、選擇低油低鹽的菜品，並選擇含有豐富營養的食物。
健康,是否應該定期檢查視力？,是的，建議定期進行眼科檢查，特別是對長時間使用電子設備的人。
交通,自行車駕駛應該注意什麼？,戴安全帽、遵守交通規則，並在夜間使用前後燈提高安全性。
餐廳,如何選擇健康的沙拉？,選擇新鮮的蔬菜、添加少量健康油醋、避免過多的奶酪和沙拉醬。
健康,應該如何檢查皮膚健康？,定期檢查皮膚上是否有異常斑點、痣，並注意皮膚是否有變化。
交通,租車前需要注意什麼？,檢查車輛狀態、保險情況，並了解租車公司的規定和租金明細。
餐廳,如何避免過飽？,採用小碟法、慢慢享受食物、注意飽腹感，避免過量攝取卡路里。
健康,如何應對失眠？,建立規律的睡眠習慣、避免午夜後食物和咖啡因，並保持適度的運動。
交通,長時間開車應該注意什麼？,定期休息、避免疲勞駕駛，並做一些伸展運動以緩解肌肉疲勞。
餐廳,如何品嚐美食時不增重？,控制份量、分享菜品、慢慢享受，並選擇清淡的調味料。
健康,如何預防腰痛？,保持正確的坐姿、適度運動腹肌，並注意提重物的姿勢。
交通,乘坐公共交通工具應該注意什麼？,保持隨身物品安全、遵守車廂規定，並讓座給有需要的人。
餐廳,如何選擇低糖的甜點？,選擇水果或低糖替代品、注意甜點的糖分含量，並適量享受。
健康,如何保護耳朵免受噪音傷害？,避免長時間處於高噪音環境、使用耳塞或耳罩，並保持安全聽音音量。
交通,自駕旅行應該攜帶哪些文件？,攜帶駕駛執照、行駛證明、保險文件等，以應對可能的檢查。
餐廳,如何辨識食物中的基因改造成分？,閱讀食品標籤、選擇有機食品、避免過多加工食品。
健康,冥想對身心健康有什麼好處？,有助於減輕壓力、提高注意力、改善睡眠質量，並促進情緒平衡。
交通,行走時應該注意什麼？,穿著明顯衣物、使用人行道，並注意交通信號，以提高行人安全。
餐廳,如何在餐廳點菜時選擇健康食物？,選擇蒸、煮、烤的烹飪方式，避免油炸食物，增加蔬菜攝入，減少添加糖和鹽的食物。
健康,有哪些方法可以提高免疫系統的功能？,保持均衡的飲食、充足的睡眠、適度的運動，並避免過度的壓力。
交通,駕駛前應該進行哪些檢查？,確保車輛狀態良好，檢查輪胎、燈光、煞車系統，確認有足夠的油和水。
餐廳,如何辨識食物中的轉基因成分？,仔細閱讀食品標籤，尋找標有「非轉基因」或「GMO-Free」的產品。
健康,應該如何應對過敏原？,避免接觸已知的過敏原，隨身攜帶過敏病歷卡，並在必要時佩戴過敏護套。
交通,開車時應該注意什麼氣象條件？,特別注意強風、冰雨和濃霧等惡劣天氣，根據實際情況降低行車速度。
餐廳,如何在外就餐時減少食物浪費？,點餐時注意份量，如有需要，可點小份或共享菜品，並將剩餘食物打包帶走。
健康,怎樣保持良好的口腔衛生？,定期刷牙、使用牙線清潔牙齒縫隙，限制糖分攝取，並定期檢查口腔健康。
交通,行人應該注意哪些安全措施？,穿著明顯衣物，使用人行道和行人穿越區，遵守交通信號，保持警覺。
餐廳,如何在餐廳中選擇低鈉食物？,選擇新鮮水果和蔬菜，避免加鹽，選擇烤、蒸或炒而不是油炸食物。
健康,應該如何檢查心血管健康？,定期測量血壓、膽固醇水平，保持適當的運動和均衡飲食，戒煙限酒。
交通,長途行車應該注意什麼？,每隔一段時間休息，保持車內通風，避免長時間連續行車造成疲勞。
餐廳,如何辨識食物中的有害添加劑？,仔細閱讀食品標籤，避免選購含有人工色素、防腐劑等有害添加劑的食品。
健康,怎樣預防手部關節疼痛？,保持手部運動，避免長時間重複動作，使用符合人體工學的工具。
交通,乘坐飛機應該注意什麼？,保持習慣性活動，多喝水，避免過度飲酒和過度攝食，注意耳朵與鼻子的舒適度。
餐廳,如何在餐廳中選擇含纖維豐富的食物？,選擇全穀食品、豆類、堅果和蔬菜，這些食物富含膳食纖維。
健康,什麼方法有助於提高新陳代謝？,保持規律運動、多飲水、攝取足夠的蛋白質，避免過度節食。
交通,自行車夜間騎行應該注意什麼？,裝備前後車燈和警示燈，穿著反光背心，避免夜間騎行在交通繁忙的區域。
餐廳,如何選擇健康的早餐？,選擇全穀類食物、低脂乳製品、新鮮水果和蛋白質食品，避免高糖高脂食物。
健康,應該如何檢查骨密度？,特定年齡段的女性應該進行DEXA骨密度測試，以評估骨骼健康狀況。
交通,自行車駕駛應該如何應對交叉路口？,應手勢明確，注意觀察各方車流，並在安全確認的情況下通過。
餐廳,如何在餐廳中選擇低脂食物？,選擇烤、蒸或炸而不是油炸食物，減少奶油和醬汁的使用，選擇瘦肉和低脂乳製品。
健康,如何預防姿勢不良引起的問題？,保持正確的坐姿和站姿，定期伸展身體，使用符合人體工學的椅子和床。
交通,行駛於高速公路應該注意什麼？,保持安全車距，注意車速，應遵守快車道和慢車道的交通標誌。
餐廳,如何在餐廳中選擇有益腸道健康的食物？,選擇富含膳食纖維的食物，如全穀類、蔬菜和水果，多飲水促進腸道蠕動。
健康,應該如何檢查血糖水平？,定期進行空腹血糖測試，注意飲食控制，特別是對有糖尿病風險的人。
交通,行駛山區道路應該注意什麼？,謹慎駕駛，遵循山區道路的交通標誌，特別注意山路彎道和坡度。
餐廳,如何在餐廳中選擇有益心臟健康的食物？,選擇富含omega-3脂肪酸的食物，如鮭魚、堅果，減少飽和脂肪和膽固醇的攝入。
健康,應該如何預防手部抽筋？,保持手部運動，勿長時間保持同一手勢，注意手部肌肉的放鬆。
交通,使用共享自行車應該注意什麼？,確保共享自行車的車況良好，佩戴安全頭盔，遵守交通規則。
餐廳,如何在餐廳中選擇適合高血壓患者的食物？,避免高鈉食物，選擇低鈉食材，注意飲食中的油脂攝取。
健康,應該如何保護腰椎健康？,保持正確坐姿，避免長時間低頭，進行適度的腰部運動，維持適當體重。
交通,夜間行車應該注意哪些安全事項？,確保車燈亮度正常，減速慢行，避免眩目光線影響視線。
餐廳,如何在餐廳中選擇適合素食者的食物？,選擇蔬菜沙拉、素湯、蔬食主菜，確認食物未使用肉類_底或添加。
健康,應該如何預防手腕疼痛？,保持手腕運動，使用符合人體工學的電腦周邊設備，避免長時間使用手機。
交通,駕駛電動車應該注意什麼？,注意電動車的續航里程，遵守充電站的使用規則，保持電動車充電狀態。
餐廳,如何在餐廳中選擇適合兒童的食物？,選擇營養均衡的兒童餐，避免過鹹、過辣和過甜的食物。
健康,應該如何防範手部疲勞？,定期伸展手部肌肉，使用符合人體工學的辦公室用具，注意手部保暖。
交通,使用共享滑板應該注意什麼？,佩戴安全頭盔和護具，注意滑板的狀態，選擇安全的滑板道路。